Timestamp;4 Byte float RTT Data
0;0.674554
100;0.673534
200;0.673410
300;0.673581
400;0.673750
500;0.673620
600;0.673488
700;0.673354
800;0.672922
900;0.673082
1000;0.672943
1100;0.672803
1200;0.695555
1300;0.637516
1400;0.671928
1500;0.672075
1600;0.671629
1700;0.714664
1800;0.714404
1900;0.714878
2000;0.714982
2100;0.715083
2200;0.715183
2300;0.715281
2400;0.715376
2500;0.670491
2600;0.670324
2700;0.669863
2800;0.669983
2900;0.712547
3000;0.712641
3100;0.712734
3200;0.712823
3300;0.712911
3400;0.712997
3500;0.733601
3600;0.668266
3700;0.667793
3800;0.667893
3900;0.667704
4000;0.667514
4100;0.667321
4200;0.667127
4300;0.709908
4400;0.709987
4500;0.710064
4600;0.710139
4700;0.710573
4800;0.710282
4900;0.710713
5000;0.710779
5100;0.710482
5200;0.665097
5300;0.679111
5400;0.679011
5500;0.664672
5600;0.664739
5700;0.664240
5800;0.664303
5900;0.663801
6000;0.663579
6100;0.663356
6200;0.663131
6300;0.662904
6400;0.662676
6500;0.662725
6600;0.662215
6700;0.662260
6800;0.661747
6900;0.661789
7000;0.661274
7100;0.661034
7200;0.660793
7300;0.660551
7400;0.660307
7500;0.660061
7600;0.659814
7700;0.659565
7800;0.659314
7900;0.659335
8000;0.659081
8100;0.658553
8200;0.658569
8300;0.658310
8400;0.658050
8500;0.657517
8600;0.657254
8700;0.656990
8800;0.656724
8900;0.656725
9000;0.656187
9100;0.655916
9200;0.655912
9300;0.655637
9400;0.655362
9500;0.655084
9600;0.654540
9700;0.654756
9800;0.654769
9900;0.655313
10000;0.655322
10100;0.655596
10200;0.655869
10300;0.656140
10400;0.656678
10500;0.656677
10600;0.656943
10700;0.657208
10800;0.657471
10900;0.658004
11000;0.657993
11100;0.658252
11200;0.658781
11300;0.658764
11400;0.659018
11500;0.659270
11600;0.659521
11700;0.659770
11800;0.660293
11900;0.660539
12000;0.660233
12100;0.661027
12200;0.660992
12300;0.661232
12400;0.661470
12500;0.661706
12600;0.661941
12700;0.662453
12800;0.662685
12900;0.662636
13000;0.662864
13100;0.663371
13200;0.663316
13300;0.663821
13400;0.663762
13500;0.663983
13600;0.664484
13700;0.664701
13800;0.664634
13900;0.665131
14000;0.665344
14100;0.665271
14200;0.665480
14300;0.665972
14400;0.665893
14500;0.666383
14600;0.666300
14700;0.666500
14800;0.666986
14900;0.667184
15000;0.667093
15100;0.667287
15200;0.667768
15300;0.667959
15400;0.667860
15500;0.668337
15600;0.668523
15700;0.668418
15800;0.668601
15900;0.668782
16000;0.669543
16100;0.669139
16200;0.669315
16300;0.669780
16400;0.669953
16500;0.669833
16600;0.670002
16700;0.670170
16800;0.670336
16900;0.670500
17000;0.670662
17100;0.670823
17200;0.670690
17300;0.671434
17400;0.671296
17500;0.671744
17600;0.671897
17700;0.672048
17800;0.672197
17900;0.672345
18000;0.672195
18100;0.672635
18200;0.672778
18300;0.672918
18400;0.673058
18500;0.673195
18600;0.673331
18700;0.673465
18800;0.673597
18900;0.673728
19000;0.673558
19100;0.673685
19200;0.673810
19300;0.674232
19400;0.674354
19500;0.674176
19600;0.674294
19700;0.674710
19800;0.674525
19900;0.674938
20000;0.675050
20100;0.675160
20200;0.675268
20300;0.675374
20400;0.675479
20500;0.675281
20600;0.675683
20700;0.675783
20800;0.675880
20900;0.675675
21000;0.676071
21100;0.675861
21200;0.676254
21300;0.676041
21400;0.676128
21500;0.676516
21600;0.676297
21700;0.676379
21800;0.676762
21900;0.677145
22000;0.676918
22100;0.676689
22200;0.677066
22300;0.677138
22400;0.677208
22500;0.676972
22600;0.677038
22700;0.677407
22800;0.677165
22900;0.677226
23000;0.677286
23100;0.677648
23200;0.677704
23300;0.677453
23400;0.677505
23500;0.677556
23600;0.677910
23700;0.677957
23800;0.677697
23900;0.677740
24000;0.677782
24100;0.678128
24200;0.678166
24300;0.678202
24400;0.678237
24500;0.678270
24600;0.677996
24700;0.678025
24800;0.678053
24900;0.678385
25000;0.678103
25100;0.678126
25200;0.678146
25300;0.678165
25400;0.678182
25500;0.455867
25600;0.456905
25700;0.457795
25800;0.458759
25900;0.459724
26000;0.460622
26100;0.461655
26200;0.462621
26300;0.463588
26400;0.464554
26500;0.465581
26600;0.466431
26700;0.467457
26800;0.468425
26900;0.469393
27000;0.470311
27100;0.471331
27200;0.472252
27300;0.473224
27400;0.474240
27500;0.475210
27600;0.476180
27700;0.477151
27800;0.478122
27900;0.479093
28000;0.480064
28100;0.481035
28200;0.481975
28300;0.482978
28400;0.483950
28500;0.484922
28600;0.485895
28700;0.486867
28800;0.487840
28900;0.488812
29000;0.489785
29100;0.490758
29200;0.491731
29300;0.492691
29400;0.493677
29500;0.494640
29600;0.495616
29700;0.496596
29800;0.497566
29900;0.498543
30000;0.499516
30100;0.500491
30200;0.501461
30300;0.502437
30400;0.503410
30500;0.504391
30600;0.505356
30700;0.506329
30800;0.507302
30900;0.508276
31000;0.509264
31100;0.510239
31200;0.511194
31300;0.512167
31400;0.513139
31500;0.514111
31600;0.515110
31700;0.516056
31800;0.517028
31900;0.518031
32000;0.518971
32100;0.519942
32200;0.520913
32300;0.521885
32400;0.522895
32500;0.523826
32600;0.524796
32700;0.525767
32800;0.526736
32900;0.527706
33000;0.528675
33100;0.529644
33200;0.530666
33300;0.531581
33400;0.532549
33500;0.533575
33600;0.534544
33700;0.535452
33800;0.536418
33900;0.537385
34000;0.538351
34100;0.539317
34200;0.540282
34300;0.541247
34400;0.542211
34500;0.543250
34600;0.544139
34700;0.545102
34800;0.546065
34900;0.547027
35000;0.548071
35100;0.548950
35200;0.549997
35300;0.550871
35400;0.551921
35500;0.552791
35600;0.553749
35700;0.554802
35800;0.555665
35900;0.556623
36000;0.557579
36100;0.558535
36200;0.559491
36300;0.560550
36400;0.561400
36500;0.562354
36600;0.563307
36700;0.564259
36800;0.565324
36900;0.566276
37000;0.567113
37100;0.568063
37200;0.569131
37300;0.570081
37400;0.570908
37500;0.571855
37600;0.572802
37700;0.573748
37800;0.574692
37900;0.575767
38000;0.576580
38100;0.577523
38200;0.578465
38300;0.579406
38400;0.580347
38500;0.581286
38600;0.582225
38700;0.583307
38800;0.584100
38900;0.585183
39000;0.586120
39100;0.587057
39200;0.587841
39300;0.588927
39400;0.589860
39500;0.590793
39600;0.591725
39700;0.592656
39800;0.593586
39900;0.594515
40000;0.595443
40100;0.596205
40200;0.597129
40300;0.598223
40400;0.598976
40500;0.599898
40600;0.600819
40700;0.601914
40800;0.602658
40900;0.603575
41000;0.604672
41100;0.605408
41200;0.606506
41300;0.607237
41400;0.608149
41500;0.609061
41600;0.609971
41700;0.610880
41800;0.611789
41900;0.612890
42000;0.613602
42100;0.614507
42200;0.615411
42300;0.616314
42400;0.617215
42500;0.618319
42600;0.619015
42700;0.620120
42800;0.620810
42900;0.621705
43000;0.622600
43100;0.623493
43200;0.624385
43300;0.625492
43400;0.626383
43500;0.627054
43600;0.628161
43700;0.629049
43800;0.629712
43900;0.630595
44000;0.631703
44100;0.632585
44200;0.633237
44300;0.634346
44400;0.634991
44500;0.635867
44600;0.636741
44700;0.637851
44800;0.638485
44900;0.639355
45000;0.640465
45100;0.641334
45200;0.642202
45300;0.642821
45400;0.643684
45500;0.644546
45600;0.645406
45700;0.646265
45800;0.647122
45900;0.647977
46000;0.648832
46100;0.649428
46200;0.650537
46300;0.651647
46400;0.652235
46500;0.653346
46600;0.653927
46700;0.654771
46800;0.655142
46900;0.655421
47000;0.655967
47100;0.655974
47200;0.656518
47300;0.656521
47400;0.657063
47500;0.657333
47600;0.657330
47700;0.657869
47800;0.658134
47900;0.658126
48000;0.658387
48100;0.658921
48200;0.658907
48300;0.659164
48400;0.659419
48500;0.659674
48600;0.659926
48700;0.660177
48800;0.660426
48900;0.660674
49000;0.660920
49100;0.661165
49200;0.661686
49300;0.661649
49400;0.661889
49500;0.662407
49600;0.662644
49700;0.662599
49800;0.662832
49900;0.663345
50000;0.663294
50100;0.663522
50200;0.664032
50300;0.663975
50400;0.664198
50500;0.664421
50600;0.664641
50700;0.664860
50800;0.665362
50900;0.665293
51000;0.665507
51100;0.666005
51200;0.665930
51300;0.666425
51400;0.666346
51500;0.666552
51600;0.667043
51700;0.666958
51800;0.667159
51900;0.667358
52000;0.667556
52100;0.667752
52200;0.667657
52300;0.668139
52400;0.668329
52500;0.668519
52600;0.668706
52700;0.668892
52800;0.669368
52900;0.669259
53000;0.669440
53100;0.669619
53200;0.669797
53300;0.669973
53400;0.670147
53500;0.670319
53600;0.670490
53700;0.670953
53800;0.670827
53900;0.670992
54000;0.671157
54100;0.671319
54200;0.671480
54300;0.671935
54400;0.671796
54500;0.672248
54600;0.672402
54700;0.672258
54800;0.672706
54900;0.672557
55000;0.672704
55100;0.673148
55200;0.672994
55300;0.673136
55400;0.673276
55500;0.673414
55600;0.673551
55700;0.673687
55800;0.673820
55900;0.673952
56000;0.674382
56100;0.674510
56200;0.674637
56300;0.674762
56400;0.674886
56500;0.674706
56600;0.675127
56700;0.674944
56800;0.675060
56900;0.675175
57000;0.675287
57100;0.675398
57200;0.675508
57300;0.675918
57400;0.676024
57500;0.675825
57600;0.675928
57700;0.676028
57800;0.676127
57900;0.676224
58000;0.676624
58100;0.676414
58200;0.676810
58300;0.676596
58400;0.676684
58500;0.676771
58600;0.676856
58700;0.676939
58800;0.677021
58900;0.677406
59000;0.677179
59100;0.677255
59200;0.677329
59300;0.677402
59400;0.677473
59500;0.677542
59600;0.677610
59700;0.677675
59800;0.678046
59900;0.678108
60000;0.678169
60100;0.678228
60200;0.678285
60300;0.678033
60400;0.678394
60500;0.678138
60600;0.678188
60700;0.678236
60800;0.678590
60900;0.678327
61000;0.678678
61100;0.678411
61200;0.678451
61300;0.678489
61400;0.678524
61500;0.678558
61600;0.678591
61700;0.678621
61800;0.678650
61900;0.678677
62000;0.679011
62100;0.678726
62200;0.678748
62300;0.678768
62400;0.678786
62500;0.679111
62600;0.679125
62700;0.679138
62800;0.678841
62900;0.678851
63000;0.678858
63100;0.678864
63200;0.678868
63300;0.679179
63400;0.679180
63500;0.678870
63600;0.678867
63700;0.678862
63800;0.678856
63900;0.678847
64000;0.678838
64100;0.679134
64200;0.678812
64300;0.678797
64400;0.678780
64500;0.679069
64600;0.678740
64700;0.678718
64800;0.678694
64900;0.678976
65000;0.678640
65100;0.678611
65200;0.678580
65300;0.678855
65400;0.678820
65500;0.678475
65600;0.678437
65700;0.678397
65800;0.678663
65900;0.678312
66000;0.678267
66100;0.678220
66200;0.678171
66300;0.678120
66400;0.678375
66500;0.678321
66600;0.678265
66700;0.678207
66800;0.677841
66900;0.677780
67000;0.677717
67100;0.677959
67200;0.677892
67300;0.677518
67400;0.677754
67500;0.677683
67600;0.677303
67700;0.677534
67800;0.677151
67900;0.677073
68000;0.676992
68100;0.677215
68200;0.677131
68300;0.677046
68400;0.676654
68500;0.676564
68600;0.676474
68700;0.676381
68800;0.676287
68900;0.676191
69000;0.676396
69100;0.675993
69200;0.675892
69300;0.675789
69400;0.675987
69500;0.675881
69600;0.675772
69700;0.675360
69800;0.675248
69900;0.675135
70000;0.675020
70100;0.674903
70200;0.674784
70300;0.674664
70400;0.674542
70500;0.674418
70600;0.674593
70700;0.674165
70800;0.674337
70900;0.674206
71000;0.673774
71100;0.673639
71200;0.673504
71300;0.673366
71400;0.673227
71500;0.673086
71600;0.672943
71700;0.673097
71800;0.672951
71900;0.672803
72000;0.672356
72100;0.672205
72200;0.672052
72300;0.672194
72400;0.672037
72500;0.671879
72600;0.671424
72700;0.671262
72800;0.671099
72900;0.670935
73000;0.670768
73100;0.670894
73200;0.670430
73300;0.670259
73400;0.670086
73500;0.669911
73600;0.670027
73700;0.669849
73800;0.669669
73900;0.669195
74000;0.669012
74100;0.669118
74200;0.668641
74300;0.668453
74400;0.668553
74500;0.668361
74600;0.667878
74700;0.667683
74800;0.667487
74900;0.667577
75000;0.667089
75100;0.667175
75200;0.666972
75300;0.666480
75400;0.666274
75500;0.666066
75600;0.665856
75700;0.665645
75800;0.665432
75900;0.665217
76000;0.665001
76100;0.664783
76200;0.664564
76300;0.664343
76400;0.664403
76500;0.663896
76600;0.663952
76700;1.000000
76800;0.663213
76900;0.662983
77000;0.662750
77100;0.662516
77200;0.662281
77300;0.662044
77400;0.662084
77500;0.661565
77600;0.661323
77700;0.661079
77800;0.660834
77900;0.660587
78000;0.660339
78100;0.659838
78200;-1.#QNAN0
78300;-1.#QNAN0
78400;-1.#QNAN0
78500;-1.#QNAN0
78600;-1.#QNAN0
78700;-1.#QNAN0
78800;-1.#QNAN0
78900;-1.#QNAN0
79000;-1.#QNAN0
79100;-1.#QNAN0
79200;-1.#QNAN0
79300;-1.#QNAN0
79400;0.656157
79500;0.656422
79600;0.655878
79700;0.655602
79800;0.700176
79900;0.700212
80000;0.700592
80100;0.700279
80200;0.699965
80300;0.744683
80400;0.744877
80500;0.656432
80600;0.656704
80700;0.656974
80800;0.657243
80900;0.657510
81000;0.657775
81100;0.658039
81200;0.697307
81300;0.697334
81400;0.697021
81500;0.697384
81600;0.697406
81700;0.697426
81800;0.697444
81900;0.697460
82000;0.697474
82100;0.660870
82200;0.669349
82300;0.669126
82400;0.661085
82500;0.661328
82600;0.661570
82700;0.661810
82800;0.662328
82900;0.662566
83000;0.662522
83100;0.663036
83200;0.663269
83300;0.663218
83400;0.663729
83500;0.663957
83600;0.663901
83700;0.664125
83800;0.664348
83900;0.664569
84000;0.665072
84100;0.665290
84200;0.665222
84300;0.665722
84400;0.665935
84500;0.666146
84600;0.666070
84700;0.666565
84800;0.666484
84900;0.666689
85000;0.666892
85100;0.667093
85200;0.667293
85300;0.667491
85400;0.667688
85500;0.667882
85600;0.668075
85700;0.668267
85800;0.668457
85900;0.668936
86000;0.668831
86100;0.669016
86200;0.669199
86300;0.669381
86400;0.669853
86500;0.669738
86600;0.669915
86700;0.670090
86800;0.670263
86900;0.670434
87000;0.670604
87100;0.670772
87200;0.670938
87300;0.671103
87400;0.671266
87500;0.671427
87600;0.671587
87700;0.671744
87800;0.671901
87900;0.672055
88000;0.672208
88100;0.672359
88200;0.672806
88300;0.672656
88400;0.672802
88500;0.672946
88600;0.673089
88700;0.673230
88800;0.673369
88900;0.673507
89000;0.673942
89100;0.673776
89200;0.673909
89300;0.674340
89400;0.674469
89500;0.674295
89600;0.674421
89700;0.674544
89800;0.674667
89900;0.674787
90000;0.675207
90100;0.675324
90200;0.675137
90300;0.675552
90400;0.675664
90500;0.675472
90600;0.675883
90700;0.675686
90800;0.675791
90900;0.676198
91000;0.675996
91100;0.676095
91200;0.676497
91300;0.676289
91400;0.676383
91500;0.676476
91600;0.676566
91700;0.676960
91800;0.676743
91900;0.676828
92000;0.676912
92100;0.676994
92200;0.677074
92300;0.677153
92400;0.677230
92500;0.677611
92600;0.677378
92700;0.677450
92800;0.677520
92900;0.677894
93000;0.677960
93100;0.677719
93200;0.677781
93300;0.678149
93400;0.677902
93500;0.678266
93600;0.678015
93700;0.678069
93800;0.678121
93900;0.678172
94000;0.678221
94100;0.678268
94200;0.678313
94300;0.678356
94400;0.678092
94500;0.678746
94600;0.678476
94700;0.678820
94800;0.678547
94900;0.678580
95000;0.678611
95100;0.678641
95200;0.678977
95300;0.678694
95400;0.679027
95500;0.678741
95600;0.678761
95700;0.678780
95800;0.678797
95900;0.679121
96000;0.678826
96100;0.678838
96200;0.678848
96300;0.678856
96400;0.678862
96500;0.678867
96600;0.678870
96700;0.678871
96800;0.678871
96900;0.678868
97000;0.679172
97100;0.678858
97200;0.678850
97300;0.678841
97400;0.678830
97500;0.678817
97600;0.679110
97700;0.678786
97800;0.678767
97900;0.678747
98000;0.678725
98100;0.678395
98200;0.678677
98300;0.678650
98400;0.678621
98500;0.678590
98600;0.678866
98700;0.678831
98800;0.678488
98900;0.678450
99000;0.678411
99100;0.678369
99200;0.678326
99300;0.678282
99400;0.678235
99500;0.678187
99600;0.678137
99700;0.678393
99800;0.678339
99900;0.677977
100000;0.677920
100100;0.677861
100200;0.677800
100300;0.677738
100400;0.677674
100500;0.677915
100600;0.677541
100700;0.677472
100800;0.677706
100900;0.677023
101000;0.677253
101100;0.677177
101200;0.677099
101300;0.677324
101400;0.677243
101500;0.676854
101600;0.676769
101700;0.676682
101800;0.676899
101900;0.676808
102000;0.676412
102100;0.676318
102200;0.675920
102300;0.676125
102400;0.676330
102500;0.675926
102600;0.675823
102700;0.675719
102800;0.675613
102900;0.675808
103000;0.675699
103100;0.675587
103200;0.675474
103300;0.675359
103400;0.675243
103500;0.675125
103600;0.675005
103700;0.674582
103800;0.674459
103900;0.674635
104000;0.674208
104100;0.674379
104200;0.673949
104300;0.673817
104400;0.673684
104500;0.673549
104600;0.673412
104700;0.673273
104800;0.673133
104900;0.672991
105000;0.672847
105100;0.672701
105200;0.672852
105300;0.672405
105400;0.672255
105500;0.672103
105600;0.671948
105700;0.671793
105800;0.671635
105900;0.671477
106000;0.671316
106100;0.671153
106200;0.671284
106300;0.670823
106400;0.670656
106500;0.670487
106600;0.670316
106700;0.670143
106800;0.669969
106900;0.669793
107000;0.669908
107100;0.669436
107200;0.669255
107300;0.669073
107400;0.668889
107500;0.668702
107600;0.668515
107700;0.668326
107800;0.668135
107900;0.667942
108000;0.667748
108100;0.667552
108200;0.667643
108300;0.667155
108400;0.667242
108500;0.666752
108600;0.666548
108700;0.666342
108800;0.666134
108900;0.666211
109000;0.665715
109100;0.665502
109200;0.665004
109300;0.665073
109400;0.664856
109500;0.664637
109600;0.664416
109700;0.664194
109800;0.664253
109900;0.664027
110000;0.663518
110100;0.663289
110200;0.663059
110300;0.662827
110400;0.662874
110500;0.662359
110600;0.662122
110700;0.661884
110800;0.661644
110900;0.661403
111000;0.661160
111100;0.660915
111200;0.660946
111300;0.660698
111400;0.660448
111500;0.660197
111600;0.659669
111700;0.659415
111800;0.659159
111900;0.658629
112000;0.658370
112100;0.658382
112200;0.658121
112300;0.657857
112400;0.657592
112500;0.657325
112600;0.657057
112700;0.656788
112800;0.656516
112900;0.656513
113000;0.655969
113100;0.655693
113200;0.655416
113300;0.655137
113400;0.654755
113500;0.653911
113600;0.653066
113700;0.652219
113800;0.651370
113900;0.650521
114000;0.649669
114100;0.648816
114200;0.647961
114300;0.647106
114400;0.646248
114500;0.645390
114600;0.644530
114700;0.643668
114800;0.642805
114900;0.641941
115000;0.641075
115100;0.640207
115200;0.639339
115300;0.638469
115400;0.637598
115500;0.636725
115600;0.635850
115700;0.634975
115800;0.634330
115900;0.633220
116000;0.632341
116100;0.631460
116200;0.630578
116300;0.629695
116400;0.628811
116500;0.628145
116600;0.627037
116700;0.626149
116800;0.625260
116900;0.624583
117000;0.623477
117100;0.622583
117200;0.621689
117300;0.620793
117400;0.620103
117500;0.618999
117600;0.618099
117700;0.617199
117800;0.616498
117900;0.615594
118000;0.614688
118100;0.613586
118200;0.612680
118300;0.611772
118400;0.611055
118500;0.609955
118600;0.609044
118700;0.608319
118800;0.607405
118900;0.606306
119000;0.605392
119100;0.604476
119200;0.603559
119300;0.602641
119400;0.601722
119500;0.600976
119600;0.599882
119700;0.598960
119800;0.597869
119900;0.597113
120000;0.596188
120100;0.595427
120200;0.594336
120300;0.593408
120400;0.592640
120500;0.591551
120600;0.590620
120700;0.589844
120800;0.588757
120900;0.587976
121000;0.586891
121100;0.585808
121200;0.585020
121300;0.584229
121400;0.583147
121500;0.582209
121600;0.581270
121700;0.580330
121800;0.579526
121900;0.578449
122000;0.577507
122100;0.576564
122200;0.575621
122300;0.574548
122400;0.573731
122500;0.572911
122600;0.571839
122700;0.570892
122800;0.570065
122900;0.568996
123000;0.568046
123100;0.567097
123200;0.566146
123300;0.565195
123400;0.564243
123500;0.563290
123600;0.562337
123700;0.561384
123800;0.560429
123900;0.559474
124000;0.558519
124100;0.557662
124200;0.556606
124300;0.555649
124400;0.554691
124500;0.553826
124600;0.552774
124700;0.551904
124800;0.550855
124900;0.549895
125000;0.549018
125100;0.547972
125200;0.547010
125300;0.546048
125400;0.545086
125500;0.544123
125600;0.543159
125700;0.542195
125800;0.541230
125900;0.540335
126000;0.539300
126100;0.538335
126200;0.537433
126300;0.536465
126400;0.535436
126500;0.534469
126600;0.533501
126700;0.532533
126800;0.531619
126900;0.530597
127000;0.529628
127100;0.528709
127200;0.527690
127300;0.526766
127400;0.525795
127500;0.524823
127600;0.523810
127700;0.522839
127800;0.521869
127900;0.520898
128000;0.519927
128100;0.518955
128200;0.517984
128300;0.517012
128400;0.516040
128500;0.515042
128600;0.514096
128700;0.513123
128800;0.512150
128900;0.511197
129000;0.510205
129100;0.509232
129200;0.508260
129300;0.507287
129400;0.506313
129500;0.505341
129600;0.504367
129700;0.503394
129800;0.502421
129900;0.501447
130000;0.500475
130100;0.499501
130200;0.498525
130300;0.497550
130400;0.496575
130500;0.495600
130600;0.494634
130700;0.493650
130800;0.492688
130900;0.491715
131000;0.490726
131100;0.489752
131200;0.488797
131300;0.487803
131400;0.486852
131500;0.485879
131600;0.484907
131700;0.483935
131800;0.482963
131900;0.481991
132000;0.480987
132100;0.480048
132200;0.479077
132300;0.478106
132400;0.477096
132500;0.476165
132600;0.475194
132700;0.474180
132800;0.473209
132900;0.472285
133000;0.471316
133100;0.470347
133200;0.469379
133300;0.468410
133400;0.467442
133500;0.466474
133600;0.465506
133700;0.464539
133800;0.463573
133900;0.462606
134000;0.461574
134100;0.460675
134200;0.459640
134300;0.458745
134400;0.457780
134500;0.456742
134600;0.455852
134700;0.454812
134800;0.453927
134900;0.452964
135000;0.451920
135100;0.451041
135200;0.450080
135300;0.449033
135400;0.448160
135500;0.447201
135600;0.446242
135700;0.445284
135800;0.444326
135900;0.443369
136000;0.442412
136100;0.441456
136200;0.440398
136300;0.439546
136400;0.438592
136500;0.437638
136600;0.436794
136700;0.435622
136800;0.434781
136900;0.433830
137000;0.432879
137100;0.431812
137200;0.430980
137300;0.430031
137400;0.428961
137500;0.428012
137600;0.427190
137700;0.426244
137800;0.425299
137900;0.424355
138000;0.423280
138100;0.422469
138200;0.421392
138300;0.420586
138400;0.419646
138500;0.418706
138600;0.417767
138700;0.416829
138800;0.415892
138900;0.414809
139000;0.414020
139100;0.413085
139200;0.412152
139300;0.411219
139400;0.410287
139500;0.409355
139600;0.408425
139700;0.407496
139800;0.406568
139900;0.405640
140000;0.404713
140100;0.403788
140200;0.402863
140300;0.401939
140400;0.400845
140500;0.399922
140600;0.399173
140700;0.398254
140800;0.397335
140900;0.396417
141000;0.395501
141100;0.394585
141200;0.393670
141300;0.392756
141400;0.391844
141500;0.390932
141600;0.389832
141700;0.389113
141800;0.388204
141900;0.387103
142000;0.386391
142100;0.385288
142200;0.384582
142300;0.383479
142400;0.382778
142500;0.381674
142600;0.380978
142700;0.379874
142800;0.378975
142900;0.378288
143000;0.377182
143100;0.376287
143200;0.375608
143300;0.374717
143400;0.373610
143500;0.372721
143600;0.372053
143700;0.371166
143800;0.370282
143900;0.369399
144000;0.368290
144100;0.367637
144200;0.366757
144300;0.365879
144400;0.365002
144500;0.364127
144600;0.363253
144700;0.362380
144800;0.361270
144900;0.360639
145000;0.359770
145100;0.358903
145200;0.358037
145300;0.356927
145400;0.356557
145500;0.355448
145600;0.354588
145700;0.353729
145800;0.352872
145900;0.352016
146000;0.351162
146100;0.350309
146200;0.349457
146300;0.348608
146400;0.347759
146500;0.346912
146600;0.346067
146700;0.344956
146800;0.344588
146900;0.344577
147000;0.344300
147100;0.344024
147200;0.343750
147300;0.343477
147400;0.343205
147500;0.342936
147600;0.342938
147700;0.342401
147800;0.342136
147900;0.341873
148000;0.341611
148100;0.341350
148200;0.341092
148300;0.340834
148400;0.340579
148500;0.340325
148600;0.340072
148700;0.339821
148800;0.339572
148900;0.339047
149000;0.339078
149100;0.338834
149200;0.338313
149300;0.338349
149400;0.338110
149500;0.337871
149600;0.337635
149700;0.337400
149800;0.336886
149900;0.336654
150000;0.336705
150100;0.336194
150200;0.335967
150300;0.336024
150400;0.335800
150500;0.335578
150600;0.335358
150700;0.335139
150800;0.334922
150900;0.334706
151000;0.334492
151100;0.334280
151200;0.334354
151300;0.333860
151400;0.333653
151500;0.333447
151600;0.333243
151700;0.333040
151800;0.332840
151900;0.332640
152000;0.332443
152100;0.332247
152200;0.331763
152300;0.331860
152400;0.331670
152500;0.331480
152600;0.331293
152700;0.330816
152800;0.330923
152900;0.330740
153000;0.330267
153100;0.330380
153200;0.330202
153300;0.330027
153400;0.329852
153500;0.329680
153600;0.329509
153700;0.329340
153800;0.328878
153900;0.328712
154000;0.328843
154100;0.328385
154200;0.328519
154300;0.328360
154400;0.328203
154500;0.328048
154600;0.327894
154700;0.327741
154800;0.327591
154900;0.327442
155000;0.327295
155100;0.327149
155200;0.327006
155300;0.326864
155400;0.326723
155500;0.326585
155600;0.326448
155700;0.326313
155800;0.326179
155900;0.325748
156000;0.325918
156100;0.325789
156200;0.325663
156300;0.325538
156400;0.325114
156500;0.325293
156600;0.325174
156700;0.324754
156800;0.324939
156900;0.324825
157000;0.324712
157100;0.324601
157200;0.324492
157300;0.324384
157400;0.324278
157500;0.324174
157600;0.324072
157700;0.323971
157800;0.323872
157900;0.323775
158000;0.323680
158100;0.323282
158200;0.323494
158300;0.323099
158400;0.323315
158500;0.323229
158600;0.322839
158700;0.323060
158800;0.322979
158900;0.322899
159000;0.322821
159100;0.322439
159200;0.322670
159300;0.322598
159400;0.322527
159500;0.322151
159600;0.322390
159700;0.322018
159800;0.322260
159900;0.322198
160000;0.322138
160100;0.322385
160200;0.321715
160300;0.321967
160400;0.321913
160500;0.321554
160600;0.321812
160700;0.000000
160800;0.321717
160900;0.321672
161000;0.321629
161100;0.321588
161200;0.321549
161300;0.321511
161400;0.321476
161500;0.321441
161600;0.321409
161700;0.321071
161800;0.321350
161900;0.321323
162000;0.321297
162100;0.321252
162200;-1.#QNAN0
162300;-1.#QNAN0
162400;-1.#QNAN0
162500;-1.#QNAN0
162600;-1.#QNAN0
162700;-1.#QNAN0
162800;-1.#QNAN0
162900;-1.#QNAN0
163000;-1.#QNAN0
163100;-1.#QNAN0
163200;-1.#QNAN0
163300;-1.#QNAN0
163400;0.321130
163500;0.321133
163600;0.321138
163700;0.321144
163800;0.358564
163900;0.357361
164000;0.356159
164100;0.354958
164200;0.353759
164300;0.323920
164400;0.324204
164500;0.321260
164600;0.321282
164700;0.320998
164800;0.321332
164900;0.321360
165000;0.321389
165100;0.321420
165200;0.338622
165300;0.337460
165400;0.336299
165500;0.335140
165600;0.333983
165700;0.332828
165800;0.331674
165900;0.330521
166000;0.329370
166100;0.321829
166200;0.318844
166300;0.321880
166400;0.322238
166500;0.321986
166600;0.321735
166700;0.322100
166800;0.321852
166900;0.322220
167000;0.322283
167100;0.322348
167200;0.322414
167300;0.322482
167400;0.322552
167500;0.322624
167600;0.322391
167700;0.322467
167800;0.322849
167900;0.322928
168000;0.323008
168100;0.323090
168200;0.323174
168300;0.323260
168400;0.323347
168500;0.323436
168600;0.323527
168700;0.323619
168800;0.323714
168900;0.323810
169000;0.323908
169100;0.324007
169200;0.324108
169300;0.323908
169400;0.324013
169500;0.324423
169600;0.324531
169700;0.324641
169800;0.325054
169900;0.324866
170000;0.324981
170100;0.324796
170200;0.325216
170300;0.325337
170400;0.325459
170500;0.325583
170600;0.325408
170700;0.326134
170800;0.325964
170900;0.326095
171000;0.326227
171100;0.326062
171200;0.326198
171300;0.326634
171400;0.326774
171500;0.327212
171600;0.327057
171700;0.327201
171800;0.327348
171900;0.327495
172000;0.327941
172100;0.327796
172200;0.327949
172300;0.328103
172400;0.328259
172500;0.328417
172600;0.328872
172700;0.328738
172800;0.328901
172900;0.328771
173000;0.328938
173100;0.329401
173200;0.329570
173300;0.329448
173400;0.329622
173500;0.330090
173600;0.330266
173700;0.330444
173800;0.330624
173900;0.330514
174000;0.330989
174100;0.330882
174200;0.331650
174300;0.331548
174400;0.331448
174500;0.331930
174600;0.332123
174700;0.332317
174800;0.332514
174900;0.332712
175000;0.332624
175100;0.333113
175200;0.333316
175300;0.333521
175400;0.333727
175500;0.333935
175600;0.334145
175700;0.334356
175800;0.334569
175900;0.334783
176000;0.335000
176100;0.335217
176200;0.335153
176300;0.335658
176400;0.335881
176500;0.336105
176600;0.336331
176700;0.336277
176800;0.336788
176900;0.337018
177000;0.337251
177100;0.337204
177200;0.337720
177300;0.337957
177400;0.337917
177500;0.338436
177600;0.338678
177700;0.338644
177800;0.339167
177900;0.339414
178000;0.339662
178100;0.339636
178200;0.339888
178300;0.340690
178400;0.340671
178500;0.340927
178600;0.340911
178700;0.341444
178800;0.341705
178900;0.341968
179000;0.341960
179100;0.342226
179200;0.342493
179300;0.343033
179400;0.343303
179500;0.343305
179600;0.343848
179700;0.344123
179800;0.344399
179900;0.344677
180000;0.344690
180100;0.344949
180200;0.344669
180300;0.344391
180400;0.344115
180500;0.343840
180600;0.343567
180700;0.343295
180800;0.343025
180900;0.342756
181000;0.342489
181100;0.342224
181200;0.341960
181300;0.341697
181400;0.341436
181500;0.341450
181600;0.340919
181700;0.340663
181800;0.340409
181900;0.340156
182000;0.339904
182100;0.339378
182200;0.339406
182300;0.339160
182400;0.338637
182500;0.338393
182600;0.338429
182700;0.338189
182800;0.337950
182900;0.337713
183000;0.337477
183100;0.337244
183200;0.337011
183300;0.336781
183400;0.336552
183500;0.336324
183600;0.336098
183700;0.335874
183800;0.335651
183900;0.335430
184000;0.335211
184100;0.334993
184200;0.334777
184300;0.334277
184400;0.334350
184500;0.334139
184600;0.333929
184700;0.333721
184800;0.333515
184900;0.333310
185000;0.333107
185100;0.332906
185200;0.332993
185300;0.332508
185400;0.332312
185500;0.331827
185600;0.331924
185700;0.331732
185800;0.331543
185900;0.331064
186000;0.330877
186100;0.330983
186200;0.330508
186300;0.330327
186400;0.330146
186500;0.330261
186600;0.330084
186700;0.329910
186800;0.329737
186900;0.329858
187000;0.329395
187100;0.329227
187200;0.329061
187300;0.328896
187400;0.328733
187500;0.328572
187600;0.328413
187700;0.328255
187800;0.328098
187900;0.327944
188000;0.327791
188100;0.327640
188200;0.327491
188300;0.327343
188400;0.326899
188500;0.327053
188600;0.326910
188700;0.326769
188800;0.326630
188900;0.326493
189000;0.326357
189100;0.326223
189200;0.326091
189300;0.325960
189400;0.325831
189500;0.325704
189600;0.325579
189700;0.325455
189800;0.325333
189900;0.324911
190000;0.325395
190100;0.324978
190200;0.324862
190300;0.324749
190400;0.324637
190500;0.324528
190600;0.324419
190700;0.324313
190800;0.324208
190900;0.324105
191000;0.324004
191100;0.323905
191200;0.323503
191300;0.323711
191400;0.323617
191500;0.323524
191600;0.323433
191700;0.323344
191800;0.323257
191900;0.323171
192000;0.323088
192100;0.323005
192200;0.322925
192300;0.322541
192400;0.322770
192500;0.322695
192600;0.322621
192700;0.322244
192800;0.322480
192900;0.322412
193000;0.322039
193100;0.322281
193200;0.322218
193300;0.322157
193400;0.322098
193500;0.322040
193600;0.321985
193700;0.321931
193800;0.321878
193900;0.321521
194000;0.321779
194100;0.321732
194200;0.321687
194300;0.321643
194400;0.321294
194500;0.321254
194600;0.321523
194700;0.321487
194800;0.321452
194900;0.321419
195000;0.321388
195100;0.321359
195200;0.321331
195300;0.321305
195400;0.321281
195500;0.321259
195600;0.321239
195700;0.321220
195800;0.321203
195900;0.321188
196000;0.321174
196100;0.321162
196200;0.321152
196300;0.321144
196400;0.320829
196500;0.321133
196600;0.321130
196700;0.321129
196800;0.321130
196900;0.321132
197000;0.321136
197100;0.320833
197200;0.320841
197300;0.321159
197400;0.321170
197500;0.320875
197600;0.321198
197700;0.321214
197800;0.321233
197900;0.321253
198000;0.321275
198100;0.321298
198200;0.321324
198300;0.321351
198400;0.321379
198500;0.321102
198600;0.321135
198700;0.321169
198800;0.321512
198900;0.321550
199000;0.321590
199100;0.321631
199200;0.321674
199300;0.321718
199400;0.321765
199500;0.321813
199600;0.321863
199700;0.321915
199800;0.321968
199900;0.322024
200000;0.322081
200100;0.322139
200200;0.322200
200300;0.321956
200400;0.322326
200500;0.322392
200600;0.322459
200700;0.322529
200800;0.322600
200900;0.322673
201000;0.323052
201100;0.322823
201200;0.322902
201300;0.322981
201400;0.323063
201500;0.323146
201600;0.323231
201700;0.323318
201800;0.323407
201900;0.323497
202000;0.323285
202100;0.323683
202200;0.323778
202300;0.323572
202400;0.323974
202500;0.324075
202600;0.324177
202700;0.324281
202800;0.324387
202900;0.324495
203000;0.324604
203100;0.324716
203200;0.324828
203300;0.324943
203400;0.324758
203500;0.324876
203600;0.325297
203700;0.325418
203800;0.325241
203900;0.325666
204000;0.325793
204100;0.325922
204200;0.326052
204300;0.326183
204400;0.326317
204500;0.326452
204600;0.326589
204700;0.326429
204800;0.326868
204900;0.327010
205000;0.326856
205100;0.327299
205200;0.327447
205300;0.327595
205400;0.327746
205500;0.327898
205600;0.328052
205700;0.328208
205800;0.328365
205900;0.328524
206000;0.328390
206100;0.328553
206200;0.329012
206300;0.329178
206400;0.329051
206500;0.329514
206600;0.329685
206700;0.329858
206800;0.330032
206900;0.330208
207000;0.330093
207100;0.330565
207200;0.330746
207300;0.330637
207400;0.331113
207500;0.331299
207600;0.331486
207700;0.331676
207800;0.331866
207900;0.332059
208000;0.331964
208100;0.332449
208200;0.332647
208300;0.332846
208400;0.333047
208500;0.333249
208600;0.333454
208700;0.333659
208800;0.333867
208900;0.334076
209000;0.334287
209100;0.334499
209200;0.334713
209300;0.334929
209400;0.334861
209500;0.335365
209600;0.335585
209700;0.335524
209800;0.336031
209900;0.336256
210000;0.336483
210100;0.336712
210200;0.336942
210300;0.337174
210400;0.337407
210500;0.337363
210600;0.337879
210700;0.337838
210800;0.338357
210900;0.338599
211000;0.338841
211100;0.338809
211200;0.339332
211300;0.339580
211400;0.339830
211500;0.340080
211600;0.340333
211700;0.340587
211800;0.340843
211900;0.341100
212000;0.341359
212100;0.341619
212200;0.341609
212300;0.342416
212400;0.342410
212500;0.342677
212600;0.342945
212700;0.343214
212800;0.343486
212900;0.343758
213000;0.343764
213100;0.344040
213200;0.344586
213300;0.344865
213400;0.345250
213500;0.346095
213600;0.346940
213700;0.347525
213800;0.348636
213900;0.349226
214000;0.350337
214100;0.351190
214200;0.352044
214300;0.352900
214400;0.353758
214500;0.354616
214600;0.355476
214700;0.356338
214800;0.357201
214900;0.358066
215000;0.358932
215100;0.359799
215200;0.360668
215300;0.361538
215400;0.362409
215500;0.363282
215600;0.364156
215700;0.365031
215800;0.365908
215900;0.366786
216000;0.367666
216100;0.368320
216200;0.369428
216300;0.370088
216400;0.370974
216500;0.372082
216600;0.372969
216700;0.373857
216800;0.374747
216900;0.375638
217000;0.376530
217100;0.377424
217200;0.378318
217300;0.379213
217400;0.380111
217500;0.380803
217600;0.381908
217700;0.382808
217800;0.383710
217900;0.384414
218000;0.385516
218100;0.386422
218200;0.387327
218300;0.388235
218400;0.388952
218500;0.390052
218600;0.390963
218700;0.391688
218800;0.392602
218900;0.393701
219000;0.394434
219100;0.395351
219200;0.396270
219300;0.397366
219400;0.398110
219500;0.399031
219600;0.400126
219700;0.401048
219800;0.401970
219900;0.402895
220000;0.403819
220100;0.404745
220200;0.405672
220300;0.406599
220400;0.407368
220500;0.408457
220600;0.409387
220700;0.410319
220800;0.411251
220900;0.412184
221000;0.413118
221100;0.413904
221200;0.414988
221300;0.415779
221400;0.416718
221500;0.417799
221600;0.418878
221700;0.419678
221800;0.420619
221900;0.421559
222000;0.422501
222100;0.423444
222200;0.424388
222300;0.425204
222400;0.426277
222500;0.427223
222600;0.428169
222700;0.429116
222800;0.430064
222900;0.430894
223000;0.431962
223100;0.433027
223200;0.433862
223300;0.434814
223400;0.435765
223500;0.436609
223600;0.437671
223700;0.438625
223800;0.439579
223900;0.440534
224000;0.441489
224100;0.442446
224200;0.443402
224300;0.444359
224400;0.445317
224500;0.446276
224600;0.447235
224700;0.448194
224800;0.449154
224900;0.450028
225000;0.451075
225100;0.452036
225200;0.452998
225300;0.453960
225400;0.454923
225500;0.455886
225600;0.456850
225700;0.457814
225800;0.458849
225900;0.459743
226000;0.460641
226100;0.461674
226200;0.462640
226300;0.463607
226400;0.464574
226500;0.465541
226600;0.466450
226700;0.467476
226800;0.468444
226900;0.469360
227000;0.470381
227100;0.471301
227200;0.472319
227300;0.473289
227400;0.474259
227500;0.475186
227600;0.476199
227700;0.477131
227800;0.478141
227900;0.479112
228000;0.480083
228100;0.481022
228200;0.482026
228300;0.482998
228400;0.483970
228500;0.484916
228600;0.485890
228700;0.486886
228800;0.487838
228900;0.488832
229000;0.489804
229100;0.490777
229200;0.491736
229300;0.492723
229400;0.493696
229500;0.494669
229600;0.495643
229700;0.496616
229800;0.497585
229900;0.498560
230000;0.499535
230100;0.500509
230200;0.501482
230300;0.502456
230400;0.503429
230500;0.504402
230600;0.505375
230700;0.506359
230800;0.507322
230900;0.508295
231000;0.509251
231100;0.510240
231200;0.511213
231300;0.512186
231400;0.513158
231500;0.514131
231600;0.515103
231700;0.516075
231800;0.517018
231900;0.518019
232000;0.518990
232100;0.519996
232200;0.520933
232300;0.521904
232400;0.522875
232500;0.523845
232600;0.524816
232700;0.525830
232800;0.526802
232900;0.527725
233000;0.528694
233100;0.529663
233200;0.530685
233300;0.531600
233400;0.532568
233500;0.533536
233600;0.534504
233700;0.535471
233800;0.536438
233900;0.537404
234000;0.538370
234100;0.539336
234200;0.540231
234300;0.541266
234400;0.542303
234500;0.543194
234600;0.544158
234700;0.545121
234800;0.546084
234900;0.547046
235000;0.548008
235100;0.548969
235200;0.549930
235300;0.550890
235400;0.551850
235500;0.552809
235600;0.553768
235700;0.554726
235800;0.555684
235900;0.556641
236000;0.557697
236100;0.558554
236200;0.559509
236300;0.560465
236400;0.561419
236500;0.562373
236600;0.563326
236700;0.564389
236800;0.565342
236900;0.566181
237000;0.567132
237100;0.568081
237200;0.569031
237300;0.569979
237400;0.571049
237500;0.571874
237600;0.572821
237700;0.573766
237800;0.574711
237900;0.575656
238000;0.576599
238100;0.577542
238200;0.578484
238300;0.579425
238400;0.580365
238500;0.581305
238600;0.582244
238700;0.583182
238800;0.584118
238900;0.585202
239000;0.585991
239100;0.586925
239200;0.587859
239300;0.588792
239400;0.589724
239500;0.590655
239600;0.591586
239700;0.592674
239800;0.593443
239900;0.594371
240000;0.595297
240100;0.596223
240200;0.596981
240300;0.598072
240400;0.598994
240500;0.599916
240600;0.601011
240700;0.601757
240800;0.602676
240900;0.603594
241000;0.604510
241100;0.605608
241200;0.606341
241300;0.607255
241400;0.608353
241500;0.609078
241600;0.609989
241700;0.611090
241800;0.611807
241900;0.612714
242000;0.613620
242100;0.614722
242200;0.615628
242300;0.616332
242400;0.617435
242500;0.618133
242600;0.619032
242700;0.620137
242800;0.620827
242900;0.621933
243000;0.622617
243100;0.623511
243200;0.624617
243300;0.625510
243400;0.626401
243500;0.627071
243600;0.628179
243700;0.628844
243800;0.629952
243900;0.630612
244000;0.631494
244100;0.632375
244200;0.633254
244300;0.634132
244400;0.635009
244500;0.636118
244600;1.000000
244700;0.614111
244800;0.638741
244900;0.639372
245000;0.640483
245100;0.641108
245200;0.642219
245300;0.642838
245400;0.643949
245500;0.644812
245600;0.645674
245700;0.646282
245800;0.647393
245900;0.647995
246000;0.649106
246100;0.650553
246200;-1.#QNAN0
246300;-1.#QNAN0
246400;-1.#QNAN0
246500;-1.#QNAN0
246600;-1.#QNAN0
246700;-1.#QNAN0
246800;-1.#QNAN0
246900;-1.#QNAN0
247000;-1.#QNAN0
247100;-1.#QNAN0
247200;-1.#QNAN0
247300;-1.#QNAN0
247400;0.657068
247500;0.657336
247600;0.657602
247700;0.657867
247800;0.741686
247900;0.741451
248000;0.741213
248100;0.740973
248200;0.741146
248300;0.309929
248400;0.311479
248500;0.659931
248600;0.660182
248700;0.660431
248800;0.660679
248900;0.660925
249000;0.661169
249100;0.661412
249200;0.737990
249300;0.737723
249400;0.737454
249500;0.736775
249600;0.736909
249700;0.736226
249800;0.736761
249900;0.736073
250000;0.735789
250100;0.663809
250200;0.652781
250300;0.663979
250400;0.664486
250500;0.664425
250600;0.664645
250700;0.664864
250800;0.665081
250900;0.665297
251000;0.665511
251100;0.665723
251200;0.665934
251300;0.666143
251400;0.666350
251500;0.666556
251600;0.666760
251700;0.666962
251800;0.667163
251900;0.667362
252000;0.667560
252100;0.667756
252200;0.667950
252300;0.668142
252400;0.668333
252500;0.668522
252600;0.668710
252700;0.668896
252800;0.669080
252900;0.669263
253000;0.669736
253100;0.669623
253200;0.669800
253300;0.669976
253400;0.670443
253500;0.670323
253600;0.670787
253700;0.670957
253800;0.670830
253900;0.671290
254000;0.671160
254100;0.671322
254200;0.671483
254300;0.671642
254400;0.671799
254500;0.671955
254600;0.672109
254700;0.672558
254800;0.672709
254900;0.672560
255000;0.672707
255100;0.672853
255200;0.672997
255300;0.673437
255400;0.673279
255500;0.673417
255600;0.673853
255700;0.673689
255800;0.673524
255900;0.673954
256000;0.674084
256100;0.674213
256200;0.674339
256300;0.674464
256400;0.674888
256500;0.674708
256600;0.674828
256700;0.674946
256800;0.675062
256900;0.675177
257000;0.675592
257100;0.675401
257200;0.675510
257300;0.675617
257400;0.675723
257500;0.675827
257600;0.675930
257700;0.676334
257800;0.676129
257900;0.676226
258000;0.676322
258100;0.676112
258200;0.676507
258300;0.676598
258400;0.676686
258500;0.676773
258600;0.676858
258700;0.677246
258800;0.677022
258900;0.677102
259000;0.677180
259100;0.677256
259200;0.677331
259300;0.677403
259400;0.677474
259500;0.677544
259600;0.677611
259700;0.677983
259800;0.678047
259900;0.677803
260000;0.678170
260100;0.677922
260200;0.677979
260300;0.678034
260400;0.678088
260500;0.678139
260600;0.678189
260700;0.678237
260800;0.678284
260900;0.678636
261000;0.678371
261100;0.678720
261200;0.678759
261300;0.678489
261400;0.678525
261500;0.678559
261600;0.678591
261700;0.678622
261800;0.678651
261900;0.678678
262000;0.678703
262100;0.678726
262200;0.678748
262300;0.678768
262400;0.679095
262500;0.678803
262600;0.678817
262700;0.679139
262800;0.678841
262900;0.678851
263000;0.679167
263100;0.678864
263200;0.678868
263300;0.678871
263400;0.678871
263500;0.678870
263600;0.679175
263700;0.678862
263800;0.678548
263900;0.678847
264000;0.678837
264100;0.678825
264200;0.678812
264300;0.679105
264400;0.678779
264500;0.679069
264600;0.678740
264700;0.678717
264800;0.678693
264900;0.678667
265000;0.678640
265100;0.678610
265200;0.678887
265300;0.678854
265400;0.678511
265500;0.678782
265600;0.678130
265700;0.678396
265800;0.678662
265900;0.678311
266000;0.678266
266100;0.678219
266200;0.678170
266300;0.678426
266400;0.678067
266500;0.678013
266600;0.677957
266700;0.677899
266800;0.677840
266900;0.677779
267000;0.677716
267100;0.677958
267200;0.677585
267300;0.677517
267400;0.677447
267500;0.677681
267600;0.677302
267700;0.677227
267800;0.677150
267900;0.677376
268000;0.676991
268100;0.677214
268200;0.676825
268300;0.676739
268400;0.676956
268500;0.676867
268600;0.676472
268700;0.676683
268800;0.676285
268900;0.676189
269000;0.676091
269100;0.675991
269200;0.675890
269300;0.676090
269400;0.675985
269500;0.675576
269600;0.675467
269700;0.675357
269800;0.675246
269900;0.675434
270000;0.675319
270100;0.674900
270200;0.674482
270300;0.674661
270400;0.674539
270500;0.674416
270600;0.674290
270700;0.674163
270800;0.674034
270900;0.674203
271000;0.673771
271100;0.673637
271200;0.673501
271300;0.673363
271400;0.673224
271500;0.673083
271600;0.672941
271700;0.672796
271800;0.672948
271900;0.672800
272000;0.672353
272100;0.672202
272200;0.671753
272300;0.671599
272400;0.672034
272500;0.671580
272600;0.671420
272700;0.671554
272800;0.671391
272900;0.670931
273000;0.671059
273100;0.670891
273200;0.670427
273300;0.670549
273400;0.670082
273500;0.669908
273600;0.669731
273700;0.669553
273800;0.669373
273900;0.668901
274000;0.669300
274100;0.668824
274200;0.668637
274300;0.668449
274400;0.668259
274500;0.668068
274600;0.667874
274700;0.667680
274800;0.667483
274900;0.667285
275000;0.667085
275100;0.666884
275200;0.666681
275300;0.666763
275400;0.666269
275500;0.666348
275600;0.666138
275700;0.665640
275800;0.665713
275900;0.665213
276000;0.664713
276100;0.664779
276200;0.664560
276300;0.664339
276400;0.664399
276500;0.664174
276600;0.663666
276700;0.663438
276800;0.663490
276900;0.662978
277000;0.662746
277100;0.662512
277200;0.662276
277300;0.662318
277400;0.661800
277500;0.661560
277600;0.661318
277700;0.661074
277800;0.660829
277900;0.660583
278000;0.660334
278100;0.660084
278200;0.659833
278300;0.659855
278400;0.659325
278500;0.659069
278600;0.658811
278700;0.658825
278800;0.658564
278900;0.658301
279000;0.657764
279100;0.657499
279200;0.657503
279300;0.656963
279400;0.656963
279500;0.656421
279600;0.656147
279700;0.655873
279800;0.655596
279900;0.655586
280000;0.655039
280100;0.655056
280200;0.655335
280300;0.655881
280400;0.655889
280500;0.656434
280600;0.656707
280700;0.656709
280800;0.656979
280900;0.657248
281000;0.657515
281100;0.657781
281200;0.658045
281300;0.658580
281400;0.658568
281500;0.658827
281600;0.659084
281700;0.659341
281800;0.659870
281900;0.659848
282000;0.660100
282100;0.660074
282200;0.660875
282300;0.660844
282400;0.661089
282500;0.661611
282600;0.661575
282700;0.661815
282800;0.662333
282900;0.662571
283000;0.662526
283100;0.662760
283200;0.662992
283300;0.663223
283400;0.663452
283500;0.663679
283600;0.664188
283700;0.664413
283800;0.664352
283900;0.664573
284000;0.664792
284100;0.665295
284200;0.665226
284300;0.665441
284400;0.665654
284500;0.665865
284600;0.666074
284700;0.666569
284800;0.666775
284900;0.666693
285000;0.666896
285100;0.667097
285200;0.667297
285300;0.667784
285400;0.667692
285500;0.667886
285600;0.668079
285700;0.668561
285800;0.668460
285900;0.668939
286000;0.668835
286100;0.669020
286200;0.669203
286300;0.669384
286400;0.669564
286500;0.670035
286600;0.669918
286700;0.670093
286800;0.670266
286900;0.670437
287000;0.670314
287100;0.670775
287200;0.670941
287300;0.671106
287400;0.671269
287500;0.671430
287600;0.671590
287700;0.672044
287800;0.671904
287900;0.672058
288000;0.672211
288100;0.672362
288200;0.672511
288300;0.672957
288400;0.673103
288500;0.672949
288600;0.673092
288700;0.673233
288800;0.673671
288900;0.673809
289000;0.673944
289100;0.673779
289200;0.673911
289300;0.674042
289400;0.674171
289500;0.674598
289600;0.674423
289700;0.674547
289800;0.674669
289900;0.674789
290000;0.674908
290100;0.675326
290200;0.675139
290300;0.675253
290400;0.675364
290500;0.675474
290600;0.675582
290700;0.675689
290800;0.675793
290900;0.675896
291000;0.675997
291100;0.676401
291200;0.676195
291300;0.676291
291400;0.676385
291500;0.676174
291600;0.676568
291700;0.676962
291800;0.677049
291900;0.676830
292000;0.676914
292100;0.676996
292200;0.677076
292300;0.677460
292400;0.677231
292500;0.677306
292600;0.677380
292700;0.677451
292800;0.677521
292900;0.677589
293000;0.677962
293100;0.677720
293200;0.677783
293300;0.678150
293400;0.677903
293500;0.677961
293600;0.678016
293700;0.678070
293800;0.678122
293900;0.678173
294000;0.678222
294100;0.678576
294200;0.678621
294300;0.678357
294400;0.678399
294500;0.678746
294600;0.678477
294700;0.678821
294800;0.678856
294900;0.678581
295000;0.678612
295100;0.678642
295200;0.678669
295300;0.678695
295400;0.678719
295500;0.678741
295600;0.678762
295700;0.678781
295800;0.678798
295900;0.678813
296000;0.678826
296100;0.678838
296200;0.679156
296300;0.678549
296400;0.678863
296500;0.678867
296600;0.678870
296700;0.678871
296800;0.678870
296900;0.678868
297000;0.679172
297100;0.679166
297200;0.678850
297300;0.679149
297400;0.679138
297500;0.678817
297600;0.678495
297700;0.678785
297800;0.678767
297900;0.678747
298000;0.678725
298100;0.678701
298200;0.678676
298300;0.678649
298400;0.678620
298500;0.678897
298600;0.678557
298700;0.678523
298800;0.678487
298900;0.678757
299000;0.678410
299100;0.678369
299200;0.678633
299300;0.678588
299400;0.678234
299500;0.678493
299600;0.678443
299700;0.678084
299800;0.678338
299900;0.677976
300000;0.677613
300100;0.677860
300200;0.677799
300300;0.677737
300400;0.677673
300500;0.677607
300600;0.677845
300700;0.677470
300800;0.677399
300900;0.677632
301000;0.677252
301100;0.677175
301200;0.677097
301300;0.677018
301400;0.676936
301500;0.676853
301600;0.676767
301700;0.676681
301800;0.676592
301900;0.676502
302000;0.676410
302100;0.676620
302200;0.676220
302300;0.676123
302400;0.676024
302500;0.675924
302600;0.675821
302700;0.675717
302800;0.675914
302900;0.675503
303000;0.675394
303100;0.675283
303200;0.675170
303300;0.675357
303400;0.675241
303500;0.674821
303600;0.674701
303700;0.674580
303800;0.674457
303900;0.674332
304000;0.674205
304100;0.674077
304200;0.673946
304300;0.673815
304400;0.673981
304500;0.673845
304600;0.673409
304700;0.673569
304800;0.673130
304900;0.672988
305000;0.672844
305100;0.672996
305200;0.672551
305300;0.672402
305400;0.672252
305500;0.672100
305600;0.672242
305700;0.671790
305800;0.671632
305900;0.671473
306000;0.671608
306100;0.671150
306200;0.670986
306300;0.670820
306400;0.670652
306500;0.670483
306600;0.670312
306700;0.670140
306800;0.670259
306900;0.670082
307000;0.669612
307100;0.669725
307200;0.669252
307300;0.669069
307400;0.668885
307500;0.668699
307600;0.668511
307700;0.668322
307800;0.668131
307900;0.667938
308000;0.667744
308100;0.667548
308200;0.667351
308300;0.667439
308400;0.666950
308500;0.666748
308600;0.666544
308700;0.666625
308800;0.666417
308900;0.665921
309000;0.665711
309100;0.665783
309200;0.665284
309300;0.665068
309400;0.664851
309500;0.664632
309600;0.664412
309700;0.664473
309800;0.663966
309900;0.663740
310000;0.663514
310100;0.663285
310200;0.663055
310300;0.662823
310400;0.662589
310500;0.662354
310600;0.662118
310700;0.661879
310800;0.661640
310900;0.661398
311000;0.661155
311100;0.660910
311200;0.660664
311300;0.660416
311400;0.660167
311500;0.659916
311600;0.659664
311700;0.659410
311800;0.659154
311900;0.658897
312000;0.658638
312100;0.658377
312200;0.658115
312300;0.657852
312400;0.657587
312500;0.657320
312600;0.657052
312700;0.657053
312800;0.656511
312900;0.656238
313000;0.655964
313100;0.655688
313200;0.655410
313300;0.655131
313400;0.654739
313500;0.653895
313600;0.653313
313700;0.652202
313800;0.651354
313900;0.650504
314000;0.649652
314100;0.648799
314200;0.647945
314300;0.647089
314400;0.646484
314500;0.645624
314600;0.644513
314700;0.643651
314800;0.642788
314900;0.641923
315000;0.641058
315100;0.640190
315200;0.639322
315300;0.638452
315400;0.637818
315500;0.636943
315600;0.636067
315700;0.634726
315800;0.634081
315900;0.633203
316000;0.632324
316100;0.631669
316200;0.630561
316300;0.629678
316400;0.628793
316500;0.627907
316600;0.627239
316700;0.626132
316800;0.625458
316900;0.624351
317000;0.623459
317100;0.622566
317200;0.621671
317300;0.620776
317400;0.619879
317500;0.618981
317600;0.618081
317700;0.617181
317800;0.616280
317900;0.615377
318000;0.614473
318100;0.613568
318200;0.612856
318300;0.611755
318400;0.610846
318500;0.609937
318600;0.609027
318700;0.608115
318800;0.607387
318900;0.606288
319000;0.605374
319100;0.604458
319200;0.603541
319300;0.602623
319400;0.601880
319500;0.600958
319600;0.599863
319700;0.598942
319800;0.598019
319900;0.597095
320000;0.596336
320100;0.595409
320200;0.594481
320300;0.593551
320400;0.592462
320500;0.591532
320600;0.590602
320700;0.589825
320800;0.588892
320900;0.587957
321000;0.587022
321100;0.585937
321200;0.585148
321300;0.584065
321400;0.583128
321500;0.582049
321600;0.581391
321700;0.580312
321800;0.579371
321900;0.578430
322000;0.577488
322100;0.576677
322200;0.575732
322300;0.574657
322400;0.573713
322500;0.572767
322600;0.571820
322700;0.570995
322800;0.569925
322900;0.568977
323000;0.568028
323100;0.567078
323200;0.566127
323300;0.565288
323400;0.564224
323500;0.563272
323600;0.562318
323700;0.561365
323800;0.560410
323900;0.559455
324000;0.558500
324100;0.557544
324200;0.556588
324300;0.555630
324400;0.554672
324500;0.553807
324600;0.552755
324700;0.551796
324800;0.550836
324900;0.549876
325000;0.548999
325100;0.547953
325200;0.547073
325300;0.546029
325400;0.545066
325500;0.544103
325600;0.543214
325700;0.542176
325800;0.541211
325900;0.540316
326000;0.539349
326100;0.538316
326200;0.537349
326300;0.536383
326400;0.535478
326500;0.534449
326600;0.533482
326700;0.532514
326800;0.531546
326900;0.530578
327000;0.529609
327100;0.528689
327200;0.527671
327300;0.526701
327400;0.525731
327500;0.524761
327600;0.523791
327700;0.522820
327800;0.521849
327900;0.520878
328000;0.519907
328100;0.518969
328200;0.517964
328300;0.516993
328400;0.516048
328500;0.515075
328600;0.000000
328700;0.539332
328800;0.512152
328900;0.511159
329000;0.510186
329100;0.509213
329200;0.508240
329300;0.507280
329400;0.506294
329500;0.505321
329600;0.504355
329700;0.503375
329800;0.502401
329900;0.501428
330000;0.500455
330100;0.498508
330200;-1.#QNAN0
330300;-1.#QNAN0
330400;-1.#QNAN0
330500;-1.#QNAN0
330600;-1.#QNAN0
330700;-1.#QNAN0
330800;-1.#QNAN0
330900;-1.#QNAN0
331000;-1.#QNAN0
331100;-1.#QNAN0
331200;-1.#QNAN0
331300;-1.#QNAN0
331400;0.485860
331500;0.484888
331600;0.483916
331700;0.482944
331800;0.722510
331900;0.722615
332000;0.722335
332100;0.722052
332200;0.721767
332300;0.709726
332400;0.709419
332500;0.475175
332600;0.474161
332700;0.473235
332800;0.472266
332900;0.471297
333000;0.470328
333100;0.469359
333200;0.721898
333300;0.721594
333400;0.721668
333500;0.721359
333600;0.721048
333700;0.720734
333800;0.720039
333900;0.719721
334000;0.719402
334100;0.460588
334200;0.518429
334300;0.458725
334400;0.457761
334500;0.456797
334600;0.455834
334700;0.454870
334800;0.453908
334900;0.452946
335000;0.451984
335100;0.451022
335200;0.450062
335300;0.449101
335400;0.448052
335500;0.447182
335600;0.446223
335700;0.445265
335800;0.444307
335900;0.443252
336000;0.442394
336100;0.441437
336200;0.440482
336300;0.439423
336400;0.438573
336500;0.437619
336600;0.436666
336700;0.435714
336800;0.434762
336900;0.433811
337000;0.432860
337100;0.431910
337200;0.430842
337300;0.430013
337400;0.429187
337500;0.427994
337600;0.427171
337700;0.426098
337800;0.425281
337900;0.424336
338000;0.423393
338100;0.422450
338200;0.421508
338300;0.420430
338400;0.419627
338500;0.418687
338600;0.417607
338700;0.416810
338800;0.415874
338900;0.414790
339000;0.413853
339100;0.413067
339200;0.412133
339300;0.411200
339400;0.410268
339500;0.409337
339600;0.408564
339700;0.407478
339800;0.406549
339900;0.405459
340000;0.404695
340100;0.403769
340200;0.402845
340300;0.401921
340400;0.400998
340500;0.400076
340600;0.399155
340700;0.398236
340800;0.397317
340900;0.396221
341000;0.395482
341100;0.394385
341200;0.393652
341300;0.392738
341400;0.391826
341500;0.390914
341600;0.390004
341700;0.389094
341800;0.388186
341900;0.387279
342000;0.386373
342100;0.385468
342200;0.384564
342300;0.383662
342400;0.382760
342500;0.381656
342600;0.380961
342700;0.380063
342800;0.379166
342900;0.378270
343000;0.377376
343100;0.376270
343200;0.375590
343300;0.374700
343400;0.373810
343500;0.372922
343600;0.371814
343700;0.371149
343800;0.370265
343900;0.369381
344000;0.368500
344100;0.367619
344200;0.366739
344300;0.365630
344400;0.364985
344500;0.363875
344600;0.363235
344700;0.362363
344800;0.361492
344900;0.360381
345000;0.359753
345100;0.358643
345200;0.357775
345300;0.357156
345400;0.356045
345500;0.355182
345600;0.354320
345700;0.353712
345800;0.352855
345900;0.351999
346000;0.351145
346100;0.350292
346200;0.349181
346300;0.348591
346400;0.347742
346500;0.346631
346600;0.346050
346700;0.344939
346800;0.344583
346900;0.344572
347000;0.344294
347100;0.344018
347200;0.343744
347300;0.343471
347400;0.343200
347500;0.342930
347600;0.342662
347700;0.342396
347800;0.342131
347900;0.341868
348000;0.341333
348100;0.341345
348200;0.341087
348300;0.340555
348400;0.340299
348500;0.340320
348600;0.339792
348700;0.339817
348800;0.339567
348900;0.339320
349000;0.339350
349100;0.338829
349200;0.338586
349300;0.338345
349400;0.338105
349500;0.337867
349600;0.337630
349700;0.337395
349800;0.337162
349900;0.336930
350000;0.336700
350100;0.336472
350200;0.335962
350300;0.336019
350400;0.335796
350500;0.335574
350600;0.335353
350700;0.335135
350800;0.334917
350900;0.334702
351000;0.334203
351100;0.334560
351200;0.334065
351300;0.333856
351400;0.333649
351500;0.333443
351600;0.333239
351700;0.333036
351800;0.332836
351900;0.332348
352000;0.332439
352100;0.331954
352200;0.331760
352300;0.331567
352400;0.331666
352500;0.331186
352600;0.331289
352700;0.331103
352800;0.330627
352900;0.330737
353000;0.330556
353100;0.330376
353200;0.329906
353300;0.330023
353400;0.329849
353500;0.329676
353600;0.329506
353700;0.329337
353800;0.329169
353900;0.329003
354000;0.328544
354100;0.328677
354200;0.328516
354300;0.328357
354400;0.328200
354500;0.327748
354600;0.327891
354700;0.327738
354800;0.327291
354900;0.327142
355000;0.326994
355100;0.326848
355200;0.327003
355300;0.326861
355400;0.326422
355500;0.326283
355600;0.326445
355700;0.326310
355800;0.326475
355900;0.326045
356000;0.325915
356100;0.325787
356200;0.325360
356300;0.325535
356400;0.325412
356500;0.324990
356600;0.325171
356700;0.325053
356800;0.324937
356900;0.324823
357000;0.324710
357100;0.324599
357200;0.324490
357300;0.324079
357400;0.324276
357500;0.324172
357600;0.324070
357700;0.323666
357800;0.323870
357900;0.324076
358000;0.323678
358100;0.323584
358200;0.323188
358300;0.323402
358400;0.323314
358500;0.323227
358600;0.323142
358700;0.323363
358800;0.322977
358900;0.322898
359000;0.322514
359100;0.322743
359200;0.322669
359300;0.322596
359400;0.322525
359500;0.322150
359600;0.322694
359700;0.322323
359800;0.322259
359900;0.322197
360000;0.322136
360100;0.321771
360200;0.322021
360300;0.321659
360400;0.321912
360500;0.321860
360600;0.321811
360700;0.321763
360800;0.321716
360900;0.321672
361000;0.321629
361100;0.321588
361200;0.321548
361300;0.321511
361400;0.321475
361500;0.321441
361600;0.321101
361700;0.321378
361800;0.321349
361900;0.321322
362000;0.321297
362100;0.320965
362200;0.320944
362300;0.320924
362400;0.321214
362500;0.320889
362600;0.320874
362700;0.320861
362800;0.321159
362900;0.321149
363000;0.320833
363100;0.321136
363200;0.321132
363300;0.321129
363400;0.321129
363500;0.321130
363600;0.320825
363700;0.321138
363800;0.321144
363900;0.321153
364000;0.320854
364100;0.321175
364200;0.321188
364300;0.321204
364400;0.321221
364500;0.320931
364600;0.321260
364700;0.321283
364800;0.320999
364900;0.321025
365000;0.321360
365100;0.321390
365200;0.321421
365300;0.321454
365400;0.321489
365500;0.321525
365600;0.321564
365700;0.321604
365800;0.321645
365900;0.321689
366000;0.321734
366100;0.322088
366200;0.321830
366300;0.321574
366400;0.321933
366500;0.321987
366600;0.322043
366700;0.322101
366800;0.321854
366900;0.322221
367000;0.322284
367100;0.322349
367200;0.322109
367300;0.322483
367400;0.322553
367500;0.322319
367600;0.322698
367700;0.322468
367800;0.322545
367900;0.323233
368000;0.323010
368100;0.323092
368200;0.323176
368300;0.323261
368400;0.323044
368500;0.323438
368600;0.323529
368700;0.323621
368800;0.323716
368900;0.323812
369000;0.323910
369100;0.324009
369200;0.323807
369300;0.323910
369400;0.324318
369500;0.324122
369600;0.324230
369700;0.324643
369800;0.324453
369900;0.324868
370000;0.324681
370100;0.325100
370200;0.325219
370300;0.325038
370400;0.325461
370500;0.325585
370600;0.325410
370700;0.325537
370800;0.325667
370900;0.326097
371000;0.326230
371100;0.326064
371200;0.326500
371300;0.326338
371400;0.326776
371500;0.326917
371600;0.327060
371700;0.326906
371800;0.327350
371900;0.327498
372000;0.327648
372100;0.327799
372200;0.327952
372300;0.328402
372400;0.328263
372500;0.328421
372600;0.328580
372700;0.328742
372800;0.328905
372900;0.329069
373000;0.329236
373100;0.329404
373200;0.329280
373300;0.329452
373400;0.329918
373500;0.330093
373600;0.329977
373700;0.330155
373800;0.330628
373900;0.330809
374000;0.330992
374100;0.331177
374200;0.331364
374300;0.331552
374400;0.331742
374500;0.331644
374600;0.332126
374700;0.332321
374800;0.332518
374900;0.332716
375000;0.332916
375100;0.333117
375200;0.333033
375300;0.333525
375400;0.333731
375500;0.333939
375600;0.334149
375700;0.334360
375800;0.334573
375900;0.334788
376000;0.334720
376100;0.335222
376200;0.335158
376300;0.335662
376400;0.335885
376500;0.336109
376600;0.336335
376700;0.336563
376800;0.336792
376900;0.337023
377000;0.337255
377100;0.337209
377200;0.337445
377300;0.337962
377400;0.338201
377500;0.338162
377600;0.338683
377700;0.338649
377800;0.339172
377900;0.339419
378000;0.339390
378100;0.339641
378200;0.340168
378300;0.340146
378400;0.340676
378500;0.340932
378600;0.341190
378700;0.341449
378800;0.341710
378900;0.341973
379000;0.342508
379100;0.342502
379200;0.342770
379300;0.343038
379400;0.343038
379500;0.343580
379600;0.343854
379700;0.344129
379800;0.344405
379900;0.344683
380000;0.344962
380100;0.344676
380200;0.344664
380300;0.344386
380400;0.344109
380500;0.343835
380600;0.343561
380700;0.343019
380800;0.343020
380900;0.342751
381000;0.342484
381100;0.341946
381200;0.341682
381300;0.341692
381400;0.341431
381500;0.340898
381600;0.340640
381700;0.340658
381800;0.340404
381900;0.339875
382000;0.339899
382100;0.339650
382200;0.339401
382300;0.338877
382400;0.338910
382500;0.338666
382600;0.338424
382700;0.337905
382800;0.337666
382900;0.337708
383000;0.337193
383100;0.337239
383200;0.337007
383300;0.336495
383400;0.336265
383500;0.336320
383600;0.336094
383700;0.335586
383800;0.335647
383900;0.335426
384000;0.335207
384100;0.334989
384200;0.334773
384300;0.334558
384400;0.334346
384500;0.333848
384600;0.333925
384700;0.333717
384800;0.333511
384900;0.333306
385000;0.333103
385100;0.332902
385200;0.332702
385300;0.332504
385400;0.332308
385500;0.332113
385600;0.331920
385700;0.331728
385800;0.331539
385900;0.331351
386000;0.331164
386100;0.330979
386200;0.330796
386300;0.330323
386400;0.330435
386500;0.330257
386600;0.330081
386700;0.329613
386800;0.329733
386900;0.329562
387000;0.329392
387100;0.329224
387200;0.329058
387300;0.328893
387400;0.328730
387500;0.328569
387600;0.328410
387700;0.328252
387800;0.328095
387900;0.327941
388000;0.327788
388100;0.327340
388200;0.327488
388300;0.327042
388400;0.327194
388500;0.326752
388600;0.326907
388700;0.326767
388800;0.326627
388900;0.326490
389000;0.326354
389100;0.326221
389200;0.325788
389300;0.325657
389400;0.325829
389500;0.325702
389600;0.325275
389700;0.325453
389800;0.325331
389900;0.325210
390000;0.325092
390100;0.324975
390200;0.324860
390300;0.324747
390400;0.324635
390500;0.324525
390600;0.324417
390700;0.324311
390800;0.323903
390900;0.324103
391000;0.323699
391100;0.323903
391200;0.323805
391300;0.323709
391400;0.323918
391500;0.323218
391600;0.323432
391700;0.323343
391800;0.323255
391900;0.323170
392000;0.322781
392100;0.323004
392200;0.322618
392300;0.323150
392400;0.322768
392500;0.322693
392600;0.322620
392700;0.322549
392800;0.322173
392900;0.322411
393000;0.322344
393100;0.322280
393200;0.322217
393300;0.322156
393400;0.322097
393500;0.322039
393600;0.321983
393700;0.321930
393800;0.321877
393900;0.321827
394000;0.321778
394100;0.321731
394200;0.321686
394300;0.321643
394400;0.321601
394500;0.321561
394600;0.321523
394700;0.321179
394800;0.321452
394900;0.321111
395000;0.321388
395100;0.321358
395200;0.321331
395300;0.321305
395400;0.321281
395500;0.321259
395600;0.321238
395700;0.321219
395800;0.320894
395900;0.321187
396000;0.321174
396100;0.321162
396200;0.321152
396300;0.321144
396400;0.321137
396500;0.320824
396600;0.321130
396700;0.321129
396800;0.321130
396900;0.321132
397000;0.321136
397100;0.321142
397200;0.321150
397300;0.321159
397400;0.321170
397500;0.321184
397600;0.320890
397700;0.321215
397800;0.321233
397900;0.321253
398000;0.321275
398100;0.321299
398200;0.321016
398300;0.321351
398400;0.321380
398500;0.321411
398600;0.321443
398700;0.321477
398800;0.321205
398900;0.321551
399000;0.321283
399100;0.321632
399200;0.321675
399300;0.321412
399400;0.321766
399500;0.321814
399600;0.321557
399700;0.321609
399800;0.321969
399900;0.322025
400000;0.322082
400100;0.322141
400200;0.322507
400300;0.321957
400400;0.322328
400500;0.322393
400600;0.322461
400700;0.322530
400800;0.322601
400900;0.322368
401000;0.322749
401100;0.322825
401200;0.322903
401300;0.322983
401400;0.323064
401500;0.323148
401600;0.323233
401700;0.323015
401800;0.323408
401900;0.323194
